{"time_total": 814.0450861437712, "time_val": 203.72837455006083, "start_epoch": 0, "current_epoch": 50, "epoch_step": 20, "total_step": 1071, "det_best_field_current": 0.16179839633447882, "det_best_field_best": 0.16179839633447882, "infos_val_epochs": [3, 4, 5, 6, 7, 8, 9, 10, 11, 12, 13, 14, 15, 16, 17, 18, 19, 20, 21, 22, 23, 24, 25, 26, 27, 28, 29, 30, 31, 32, 33, 34, 35, 36, 37, 38, 39, 40, 41, 42, 43, 44, 45, 46, 47, 48, 49, 50], "infos_val_steps": [84, 105, 126, 147, 168, 189, 210, 231, 252, 273, 294, 315, 336, 357, 378, 399, 420, 441, 462, 483, 504, 525, 546, 567, 588, 609, 630, 651, 672, 693, 714, 735, 756, 777, 798, 819, 840, 861, 882, 903, 924, 945, 966, 987, 1008, 1029, 1050, 1071], "infos_val_is_good": [true, true, true, true, true, false, false, true, true, true, true, true, true, false, true, true, false, false, false, false, false, false, true, false, false, true, false, true, true, true, true, false, false, true, true, true, false, true, true, false, true, false, true, false, false, false, true, true], "last_grad_norm": 0}