{"time_total": 2379.137921727961, "time_val": 615.2179921599454, "start_epoch": 0, "current_epoch": 19, "epoch_step": 156, "total_step": 3140, "det_best_field_current": 0.621008745169819, "det_best_field_best": 0.621008745169819, "infos_val_epochs": [0, 1, 2, 3, 4, 5, 6, 7, 8, 9, 10, 11, 12, 13, 14, 15, 16, 17, 18, 19], "infos_val_steps": [157, 314, 471, 628, 785, 942, 1099, 1256, 1413, 1570, 1727, 1884, 2041, 2198, 2355, 2512, 2669, 2826, 2983, 3140], "infos_val_is_good": [true, true, true, true, false, true, false, false, false, true, true, false, true, true, true, false, false, false, true, true], "last_grad_norm": 0}