{"time_total": 668.8178977043135, "time_val": 165.79745566326892, "start_epoch": 0, "current_epoch": 41, "epoch_step": 20, "total_step": 882, "det_best_field_current": 0.15965063001145474, "det_best_field_best": 0.15965063001145474, "infos_val_epochs": [3, 4, 5, 6, 7, 8, 9, 10, 11, 12, 13, 14, 15, 16, 17, 18, 19, 20, 21, 22, 23, 24, 25, 26, 27, 28, 29, 30, 31, 32, 33, 34, 35, 36, 37, 38, 39, 40, 41], "infos_val_steps": [84, 105, 126, 147, 168, 189, 210, 231, 252, 273, 294, 315, 336, 357, 378, 399, 420, 441, 462, 483, 504, 525, 546, 567, 588, 609, 630, 651, 672, 693, 714, 735, 756, 777, 798, 819, 840, 861, 882], "infos_val_is_good": [true, true, true, true, false, true, true, true, false, true, true, true, false, true, true, false, false, false, false, true, true, false, true, false, false, false, true, false, false, false, true, false, false, false, false, true, false, true, true], "last_grad_norm": 0}