{"train_base/epoch": [[0, 0], [1, 1], [2, 2], [3, 3], [4, 4], [5, 5], [6, 6], [7, 7], [8, 8], [9, 9], [10, 10], [11, 11], [12, 12], [13, 13], [14, 14], [15, 15], [16, 16], [17, 17], [18, 18], [19, 19], [20, 20], [21, 21], [22, 22], [23, 23], [24, 24], [25, 25], [26, 26], [27, 27], [28, 28], [29, 29], [30, 30], [31, 31], [32, 32], [33, 33]], "ztime/time_total": [[0, 118.1190409269766], [1, 237.83745515695773], [2, 356.20486213197], [3, 474.1729037690093], [4, 593.109919399023], [5, 711.8948851290043], [6, 830.6807634339784], [7, 949.3116647299612], [8, 1067.6794868569705], [9, 1186.2931435309583], [10, 1304.7652770969435], [11, 1423.690636049956], [12, 1543.033381559013], [13, 1662.3910163510009], [14, 1781.3396920390078], [15, 1900.3561920910142], [16, 2018.6256948439986], [17, 2138.0513455199543], [18, 2256.3770602989243], [19, 2374.8804502599523], [20, 2493.64019770897], [21, 2612.2933764559566], [22, 2731.3248370309593], [23, 2850.1234853339265], [24, 2969.4101734539145], [25, 3088.259462216927], [26, 3206.8117535238853], [27, 3325.9973923058715], [28, 3445.1612989798887], [29, 3563.8780075049144], [30, 3682.7180982218706], [31, 3802.0150264768745], [32, 3920.8345473649097], [33, 4040.07373892091]], "ztime/time_val": [[0, 30.542511277017184], [1, 61.312835777993314], [2, 91.77811523503624], [3, 122.2708635830204], [4, 152.87113209604286], [5, 183.5569547410705], [6, 214.22836603806354], [7, 244.79082689405186], [8, 275.3530580260558], [9, 305.85208689403953], [10, 336.4584342900198], [11, 367.1516268090345], [12, 397.7807461920311], [13, 428.34510795702226], [14, 459.0613567120163], [15, 489.8647650000639], [16, 520.406959649059], [17, 551.0354642150924], [18, 581.451447076106], [19, 612.1883047210868], [20, 642.8590560241137], [21, 673.5503476950689], [22, 704.0350688520703], [23, 734.6501489210641], [24, 765.3811709930305], [25, 796.0567297810339], [26, 826.5870823710575], [27, 857.341839527071], [28, 888.03937661706], [29, 918.7425367570831], [30, 949.4458808510681], [31, 980.278787515068], [32, 1011.0653950580745], [33, 1041.7260590590886]], "val_base/loss": [[0, 0.08391349017620087], [1, 0.0696515291929245], [2, 0.06336436420679092], [3, 0.05911639332771301], [4, 0.05783551186323166], [5, 0.05638011172413826], [6, 0.05862671881914139], [7, 0.057246237993240356], [8, 0.056689925491809845], [9, 0.05832889303565025], [10, 0.05943084508180618], [11, 0.058072932064533234], [12, 0.054343439638614655], [13, 0.055826008319854736], [14, 0.054389823228120804], [15, 0.055377379059791565], [16, 0.0559510737657547], [17, 0.0566587895154953], [18, 0.056439053267240524], [19, 0.056673236191272736], [20, 0.057476527988910675], [21, 0.05732393264770508], [22, 0.05767688527703285], [23, 0.058014485985040665], [24, 0.05803370103240013], [25, 0.05750072002410889], [26, 0.05823912099003792], [27, 0.057305458933115005], [28, 0.05770476534962654], [29, 0.05741985887289047], [30, 0.05831458419561386], [31, 0.057912398129701614], [32, 0.057727158069610596], [33, 0.05730460584163666]], "val_base/best_field": [[0, 0.30486068741102296], [1, 0.35255236933089285], [2, 0.37685580638600774], [3, 0.48342485255236933], [4, 0.48108602806589384], [5, 0.49227171039251577], [6, 0.48525523693308925], [7, 0.5181004677648973], [8, 0.5409802725238967], [9, 0.5030506406345333], [10, 0.4788488916005694], [11, 0.5164734594264795], [12, 0.5874516981899532], [13, 0.5935529794590197], [14, 0.5912141549725443], [15, 0.6016880211511084], [16, 0.6000610128126906], [17, 0.602196461256864], [18, 0.5969086841570063], [19, 0.5987390685377263], [20, 0.5972137482204596], [21, 0.6049420378279439], [22, 0.6031116534472238], [23, 0.6033150294895262], [24, 0.6036200935529794], [25, 0.6033150294895262], [26, 0.6030099654260728], [27, 0.6038234695952817], [28, 0.6047386617856416], [29, 0.6046369737644905], [30, 0.6038234695952818], [31, 0.6049420378279439], [32, 0.6048403498067927], [33, 0.6053487899125483]], "val/loss_cc": [[0, 0.023821551352739334], [1, 0.024371493607759476], [2, 0.023710692301392555], [3, 0.023951822891831398], [4, 0.023554328829050064], [5, 0.022990664467215538], [6, 0.024235626682639122], [7, 0.023789795115590096], [8, 0.024037374183535576], [9, 0.024439865723252296], [10, 0.023829380050301552], [11, 0.02403532899916172], [12, 0.024006575345993042], [13, 0.025139985606074333], [14, 0.023439917713403702], [15, 0.024082519114017487], [16, 0.024241948500275612], [17, 0.024376586079597473], [18, 0.02390514500439167], [19, 0.02381846308708191], [20, 0.024079686030745506], [21, 0.024132680147886276], [22, 0.02444368787109852], [23, 0.024701526388525963], [24, 0.024519488215446472], [25, 0.024047939106822014], [26, 0.024711495265364647], [27, 0.023805316537618637], [28, 0.02419201098382473], [29, 0.023924294859170914], [30, 0.02480289153754711], [31, 0.02436916157603264], [32, 0.02416449412703514], [33, 0.023743119090795517]], "val/loss_contr": [[0, 0.060091935098171234], [1, 0.045280035585165024], [2, 0.03965366259217262], [3, 0.035164568573236465], [4, 0.034281179308891296], [5, 0.033389441668987274], [6, 0.03439110517501831], [7, 0.03345644101500511], [8, 0.032652560621500015], [9, 0.033889010548591614], [10, 0.03560145944356918], [11, 0.034037597477436066], [12, 0.030336860567331314], [13, 0.030686015263199806], [14, 0.0309499092400074], [15, 0.031294867396354675], [16, 0.03170911595225334], [17, 0.03228219971060753], [18, 0.032533906400203705], [19, 0.032854776829481125], [20, 0.03339683264493942], [21, 0.033191245049238205], [22, 0.03323317691683769], [23, 0.03331296518445015], [24, 0.03351421654224396], [25, 0.03345279395580292], [26, 0.033527616411447525], [27, 0.03350014239549637], [28, 0.033512745052576065], [29, 0.03349555656313896], [30, 0.03351167216897011], [31, 0.03354324400424957], [32, 0.03356266766786575], [33, 0.03356148675084114]], "val_base/vid2par-r1": [[0, 0.3007931665649786], [1, 0.34350213544844416], [2, 0.3711612772015457], [3, 0.48952613382143584], [4, 0.4854586129753915], [5, 0.48952613382143584], [6, 0.4838316046369738], [7, 0.5153548911938174], [8, 0.5476916819198698], [9, 0.4925767744559691], [10, 0.47447630669107177], [11, 0.5078299776286354], [12, 0.5912141549725443], [13, 0.5989424445800284], [14, 0.5916209070571486], [15, 0.6087044946105349], [16, 0.6009762050030506], [17, 0.5995525727069351], [18, 0.6015863331299572], [19, 0.5993491966646329], [20, 0.5942647956070775], [21, 0.6054504779336994], [22, 0.6011795810453529], [23, 0.6026032133414684], [24, 0.6030099654260728], [25, 0.6019930852145617], [26, 0.6023998372991661], [27, 0.6036200935529794], [28, 0.6040268456375839], [29, 0.6046369737644905], [30, 0.6028065893837706], [31, 0.6038234695952817], [32, 0.603213341468375], [33, 0.6036200935529794]], "val_ret/vid2par-r5": [[0, 0.5830791132804556], [1, 0.6390075249135652], [2, 0.6878177750660972], [3, 0.781370754525117], [4, 0.7815741305674192], [5, 0.7947935733170632], [6, 0.7793369941020948], [7, 0.8102501525320317], [8, 0.8293675005084401], [9, 0.8008948545861297], [10, 0.7829977628635347], [11, 0.8059792556436852], [12, 0.8553996339231239], [13, 0.8671954443766524], [14, 0.8635346756152126], [15, 0.8698393329265812], [16, 0.8708562131380924], [17, 0.8688224527150702], [18, 0.8659751881228391], [19, 0.8690258287573723], [20, 0.8684157006304657], [21, 0.8690258287573723], [22, 0.8696359568842791], [23, 0.8704494610534879], [24, 0.8688224527150702], [25, 0.8671954443766524], [26, 0.8698393329265812], [27, 0.8696359568842791], [28, 0.8706528370957901], [29, 0.8700427089688835], [30, 0.8700427089688835], [31, 0.8710595891803945], [32, 0.8708562131380924], [33, 0.8710595891803945]],