{"time_total": 3345.0328098208993, "time_val": 863.7668257748592, "start_epoch": 0, "current_epoch": 27, "epoch_step": 156, "total_step": 4396, "det_best_field_current": 0.6185682326621924, "det_best_field_best": 0.6185682326621924, "infos_val_epochs": [0, 1, 2, 3, 4, 5, 6, 7, 8, 9, 10, 11, 12, 13, 14, 15, 16, 17, 18, 19, 20, 21, 22, 23, 24, 25, 26, 27], "infos_val_steps": [157, 314, 471, 628, 785, 942, 1099, 1256, 1413, 1570, 1727, 1884, 2041, 2198, 2355, 2512, 2669, 2826, 2983, 3140, 3297, 3454, 3611, 3768, 3925, 4082, 4239, 4396], "infos_val_is_good": [true, true, true, true, true, false, false, false, true, true, true, false, true, false, true, false, false, true, false, false, false, true, false, true, false, false, false, true], "last_grad_norm": 0}