{"train_base/epoch": [[0, 0], [1, 1], [2, 2], [3, 3], [4, 4], [5, 5], [6, 6], [7, 7], [8, 8], [9, 9], [10, 10], [11, 11], [12, 12], [13, 13], [14, 14], [15, 15], [16, 16], [17, 17], [18, 18], [19, 19], [20, 20], [21, 21], [22, 22], [23, 23], [24, 24], [25, 25], [26, 26], [27, 27], [28, 28], [29, 29], [30, 30], [31, 31], [32, 32], [33, 33], [34, 34], [35, 35]], "ztime/time_total": [[0, 118.78938119800296], [1, 237.72688986500725], [2, 356.3542225229903], [3, 475.0340855329996], [4, 594.2289522720384], [5, 713.0150174010196], [6, 831.6131180790253], [7, 951.0035474700271], [8, 1069.9833237489802], [9, 1189.1453159069642], [10, 1307.8826212699641], [11, 1427.0410178129096], [12, 1546.2677454169025], [13, 1665.4188911879319], [14, 1784.314355460927], [15, 1903.4756045409013], [16, 2022.3070878038998], [17, 2141.18033120787], [18, 2259.996293396922], [19, 2379.137921727961], [20, 2497.521359729988], [21, 2616.2348407549434], [22, 2734.746130785963], [23, 2853.6467944499454], [24, 2972.9471926839324], [25, 3092.6600777469575], [26, 3211.779618416971], [27, 3330.877871177974], [28, 3449.8646401099395], [29, 3568.857763690932], [30, 3688.528587230947], [31, 3808.47724268795], [32, 3928.1176508449716], [33, 4047.4180126750143], [34, 4166.812969130056], [35, 4286.434700232057]], "ztime/time_val": [[0, 30.60145764396293], [1, 61.43039187294198], [2, 92.15282070689136], [3, 122.8085297648795], [4, 153.5576302758418], [5, 184.29043388785794], [6, 214.98938082589302], [7, 245.718607611896], [8, 276.4434945479152], [9, 307.3238229099079], [10, 338.04382490494754], [11, 368.806329481944], [12, 399.6542610039469], [13, 430.4096392969368], [14, 461.1468233639607], [15, 491.9928826329415], [16, 522.8677724628942], [17, 553.7092740829103], [18, 584.392998421914], [19, 615.2179921599454], [20, 645.950098776957], [21, 676.7295475119608], [22, 707.5249341889867], [23, 738.3678486049757], [24, 769.1341878009844], [25, 799.8678370720008], [26, 830.6307826499688], [27, 861.4645581229706], [28, 892.2989338749321], [29, 923.2190055199317], [30, 954.1439796799095], [31, 985.0476455588941], [32, 1015.8680634659249], [33, 1046.5542262918898], [34, 1077.2651221118867], [35, 1108.0857567499042]], "val_base/loss": [[0, 0.08262445777654648], [1, 0.0696416050195694], [2, 0.06432585418224335], [3, 0.058471135795116425], [4, 0.05725691467523575], [5, 0.05670955032110214], [6, 0.05933215469121933], [7, 0.057379160076379776], [8, 0.059202998876571655], [9, 0.05399365723133087], [10, 0.0542634055018425], [11, 0.0542711541056633], [12, 0.0546896792948246], [13, 0.05565780773758888], [14, 0.05544201657176018], [15, 0.056432198733091354], [16, 0.05630930885672569], [17, 0.05630435422062874], [18, 0.055843859910964966], [19, 0.05693501979112625], [20, 0.05615977570414543], [21, 0.056657176464796066], [22, 0.056475378572940826], [23, 0.05637430027127266], [24, 0.05723410099744797], [25, 0.05610141530632973], [26, 0.05663198605179787], [27, 0.05627644062042236], [28, 0.05687792971730232], [29, 0.05709799751639366], [30, 0.056842830032110214], [31, 0.0562930591404438], [32, 0.056628163903951645], [33, 0.056660350412130356], [34, 0.055785056203603745], [35, 0.056538186967372894]], "val_base/best_field": [[0, 0.33079113280455563], [1, 0.37014439699003454], [2, 0.39404108196054505], [3, 0.5003050640634533], [4, 0.49837299166158233], [5, 0.5119991864958308], [6, 0.41844620703681107], [7, 0.5049827130364044], [8, 0.4865771812080537], [9, 0.5943664836282286], [10, 0.6007728289607485], [11, 0.6001627008338417], [12, 0.6051454138702461], [13, 0.6104331909701037], [14, 0.6131787675411836], [15, 0.6018913971934106], [16, 0.6011795810453529], [17, 0.6083994305470816], [18, 0.6168395363026236], [19, 0.621008745169819], [20, 0.6188732967256457], [21, 0.6179581045352858], [22, 0.6198901769371568], [23, 0.619076672767948], [24, 0.6202969290217613], [25, 0.620093552979459], [26, 0.6205003050640634], [27, 0.6202969290217613], [28, 0.6199918649583079], [29, 0.6209070571486679], [30, 0.6208053691275168], [31, 0.6201952410006102], [32, 0.6205003050640634], [33, 0.6206019930852146], [34, 0.6208053691275168], [35, 0.6205003050640635]], "val/loss_cc": [[0, 0.023887861520051956], [1, 0.024147065356373787], [2, 0.023739755153656006], [3, 0.02458450384438038], [4, 0.023820148780941963], [5, 0.02407669834792614], [6, 0.024280045181512833], [7, 0.023838438093662262], [8, 0.02400621771812439], [9, 0.02411712147295475], [10, 0.024211449548602104], [11, 0.023810165002942085], [12, 0.023927494883537292], [13, 0.024454129859805107], [14, 0.02393476851284504], [15, 0.02466493286192417], [16, 0.023884575814008713], [17, 0.023658661171793938], [18, 0.023705970495939255], [19, 0.02472962811589241], [20, 0.02389167807996273], [21, 0.024261951446533203], [22, 0.024097474291920662], [23, 0.023967096582055092], [24, 0.02480468340218067], [25, 0.023664791136980057], [26, 0.024186160415410995], [27, 0.023826483637094498], [28, 0.024418355897068977], [29, 0.024612069129943848], [30, 0.024359682574868202], [31, 0.023814810439944267], [32, 0.024145927280187607], [33, 0.024177895858883858], [34, 0.023301705718040466], [35, 0.024052558466792107]], "val/loss_contr": [[0, 0.05873662233352661], [1, 0.045494552701711655], [2, 0.040586113929748535], [3, 0.03388661891222], [4, 0.03343677148222923], [5, 0.03263285383582115], [6, 0.035052087157964706], [7, 0.03354073315858841], [8, 0.03519676625728607], [9, 0.02987653575837612], [10, 0.030051955953240395], [11, 0.030460983514785767], [12, 0.030762189999222755], [13, 0.03120366856455803], [14, 0.03150724992156029], [15, 0.03176725655794144], [16, 0.03242474049329758], [17, 0.03264570236206055], [18, 0.03213788941502571], [19, 0.03220539540052414], [20, 0.03226809576153755], [21, 0.03239522501826286], [22, 0.03237792104482651], [23, 0.03240720555186272], [24, 0.032429423183202744], [25, 0.032436616718769073], [26, 0.03244581073522568], [27, 0.03244996443390846], [28, 0.032459571957588196], [29, 0.03248593211174011], [30, 0.032483138144016266], [31, 0.032478250563144684], [32, 0.032482247799634933], [33, 0.032482463866472244], [34, 0.03248333930969238], [35, 0.03248562291264534]], "val_base/vid2par-r1": [[0, 0.32397803538743136], [1, 0.3605857230018304], [2, 0.3837705918242831], [3, 0.49562741509050234], [4, 0.4913565182021558], [5, 0.5082367297132397], [6, 0.40736221273134027], [7, 0.5013219442749645], [8, 0.48220459629855605], [9, 0.5940614195647753], [10, 0.5973154362416108], [11, 0.598535692495424], [12, 0.6034167175106773], [13, 0.6076876143990237], [14, 0.6111450071181614], [15, 0.5999593247915396], [16, 0.5979255643685174], [17, 0.607890990441326], [18, 0.6135855196257881], [19, 0.6184665446410413], [20, 0.6164327842180192], [21, 0.6178564165141346], [22, 0.6170429123449258], [23, 0.6164327842180192], [24, 0.6170429123449258], [25, 0.617246288387228], [26, 0.6186699206833435], [27, 0.6188732967256457], [28, 0.6184665446410413], [29, 0.6176530404718324], [30, 0.6182631685987391], [31, 0.6180597925564368], [32, 0.6182631685987391], [33, 0.619076672767948], [34, 0.6188732967256457], [35, 0.6184665446410413]],