{"train_base/epoch": [[0, 0], [1, 1], [2, 2], [3, 3], [4, 4], [5, 5], [6, 6], [7, 7], [8, 8], [9, 9], [10, 10], [11, 11], [12, 12], [13, 13], [14, 14], [15, 15], [16, 16], [17, 17], [18, 18], [19, 19]], "ztime/time_total": [[0, 118.78938119800296], [1, 237.72688986500725], [2, 356.3542225229903], [3, 475.0340855329996], [4, 594.2289522720384], [5, 713.0150174010196], [6, 831.6131180790253], [7, 951.0035474700271], [8, 1069.9833237489802], [9, 1189.1453159069642], [10, 1307.8826212699641], [11, 1427.0410178129096], [12, 1546.2677454169025], [13, 1665.4188911879319], [14, 1784.314355460927], [15, 1903.4756045409013], [16, 2022.3070878038998], [17, 2141.18033120787], [18, 2259.996293396922], [19, 2379.137921727961]], "ztime/time_val": [[0, 30.60145764396293], [1, 61.43039187294198], [2, 92.15282070689136], [3, 122.8085297648795], [4, 153.5576302758418], [5, 184.29043388785794], [6, 214.98938082589302], [7, 245.718607611896], [8, 276.4434945479152], [9, 307.3238229099079], [10, 338.04382490494754], [11, 368.806329481944], [12, 399.6542610039469], [13, 430.4096392969368], [14, 461.1468233639607], [15, 491.9928826329415], [16, 522.8677724628942], [17, 553.7092740829103], [18, 584.392998421914], [19, 615.2179921599454]], "val_base/loss": [[0, 0.08262445777654648], [1, 0.0696416050195694], [2, 0.06432585418224335], [3, 0.058471135795116425], [4, 0.05725691467523575], [5, 0.05670955032110214], [6, 0.05933215469121933], [7, 0.057379160076379776], [8, 0.059202998876571655], [9, 0.05399365723133087], [10, 0.0542634055018425], [11, 0.0542711541056633], [12, 0.0546896792948246], [13, 0.05565780773758888], [14, 0.05544201657176018], [15, 0.056432198733091354], [16, 0.05630930885672569], [17, 0.05630435422062874], [18, 0.055843859910964966], [19, 0.05693501979112625]], "val_base/best_field": [[0, 0.33079113280455563], [1, 0.37014439699003454], [2, 0.39404108196054505], [3, 0.5003050640634533], [4, 0.49837299166158233], [5, 0.5119991864958308], [6, 0.41844620703681107], [7, 0.5049827130364044], [8, 0.4865771812080537], [9, 0.5943664836282286], [10, 0.6007728289607485], [11, 0.6001627008338417], [12, 0.6051454138702461], [13, 0.6104331909701037], [14, 0.6131787675411836], [15, 0.6018913971934106], [16, 0.6011795810453529], [17, 0.6083994305470816], [18, 0.6168395363026236], [19, 0.621008745169819]], "val/loss_cc": [[0, 0.023887861520051956], [1, 0.024147065356373787], [2, 0.023739755153656006], [3, 0.02458450384438038], [4, 0.023820148780941963], [5, 0.02407669834792614], [6, 0.024280045181512833], [7, 0.023838438093662262], [8, 0.02400621771812439], [9, 0.02411712147295475], [10, 0.024211449548602104], [11, 0.023810165002942085], [12, 0.023927494883537292], [13, 0.024454129859805107], [14, 0.02393476851284504], [15, 0.02466493286192417], [16, 0.023884575814008713], [17, 0.023658661171793938], [18, 0.023705970495939255], [19, 0.02472962811589241]], "val/loss_contr": [[0, 0.05873662233352661], [1, 0.045494552701711655], [2, 0.040586113929748535], [3, 0.03388661891222], [4, 0.03343677148222923], [5, 0.03263285383582115], [6, 0.035052087157964706], [7, 0.03354073315858841], [8, 0.03519676625728607], [9, 0.02987653575837612], [10, 0.030051955953240395], [11, 0.030460983514785767], [12, 0.030762189999222755], [13, 0.03120366856455803], [14, 0.03150724992156029], [15, 0.03176725655794144], [16, 0.03242474049329758], [17, 0.03264570236206055], [18, 0.03213788941502571], [19, 0.03220539540052414]], "val_base/vid2par-r1": [[0, 0.32397803538743136], [1, 0.3605857230018304], [2, 0.3837705918242831], [3, 0.49562741509050234], [4, 0.4913565182021558], [5, 0.5082367297132397], [6, 0.40736221273134027], [7, 0.5013219442749645], [8, 0.48220459629855605], [9, 0.5940614195647753], [10, 0.5973154362416108], [11, 0.598535692495424], [12, 0.6034167175106773], [13, 0.6076876143990237], [14, 0.6111450071181614], [15, 0.5999593247915396], [16, 0.5979255643685174], [17, 0.607890990441326], [18, 0.6135855196257881], [19, 0.6184665446410413]], "val_ret/vid2par-r5": [[0, 0.6150091519219036], [1, 0.6575147447630669], [2, 0.6874110229814928], [3, 0.7998779743746187], [4, 0.7986577181208053], [5, 0.8041488712629652], [6, 0.7211714460036608], [7, 0.8084197681513118], [8, 0.7884889160056945], [9, 0.8659751881228391], [10, 0.8708562131380924], [11, 0.8657718120805369], [12, 0.8728899735611145], [13, 0.8743136058572301], [14, 0.8741102298149278], [15, 0.8759406141956477], [16, 0.8688224527150702], [17, 0.8747203579418344], [18, 0.8785845027455765], [19, 0.878991254830181]], "val_ret/vid2par-r10": [[0, 0.7303233679072605], [1, 0.765507423225544], [2, 0.8015049827130364], [3, 0.884685784014643], [4, 0.8818385194224121], [5, 0.8869229204799675], [6, 0.8250966036200935], [7, 0.8899735611145008], [8, 0.8720764693919056], [9, 0.9251576164327843], [10, 0.9280048810250152], [11, 0.9269880008135042], [12, 0.9304453935326419], [13, 0.9318690258287574], [14, 0.9339027862517796], [15, 0.9328859060402684], [16, 0.9257677445596909], [17, 0.9294285133211307], [18, 0.9347162904209884], [19, 0.9326825299979662]], "val_ret/vid2par-r50": [[0, 0.9235306080943665], [1, 0.9322757779133618], [2, 0.945495220663006], [3, 0.9772218832621518], [4, 0.9776286353467561], [5, 0.9768151311775473], [6, 0.9507829977628636], [7, 0.9778320113890584], [8, 0.9711206019930853], [9, 0.9845434207850315], [10, 0.9851535489119382], [11, 0.9849501728696359], [12, 0.9851535489119382], [13, 0.9861704291234492], [14, 0.9855603009965426], [15, 0.9855603009965426], [16, 0.9843400447427293], [17, 0.9857636770388448], [18, 0.986780557250356], [19, 0.9861704291234492]], "val_ret/vid2par-medr": [[0, 3.0], [1, 3.0], [2, 2.0], [3, 2.0], [4, 2.0], [5, 1.0], [6, 2.0], [7, 1.0], [8, 2.0], [9, 1.0], [10, 1.0], [11, 1.0], [12, 1.0], [13, 1.0], [14, 1.0], [15, 1.0], [16, 1.0], [17, 1.0], [18, 1.0], [19, 1.0]], "val_ret/vid2par-meanr": [[0, 21.19463087248322], [1, 18.62294081757169], [2, 16.669107179174294], [3, 8.215985356924953], [4, 8.326825299979664], [5, 7.781370754525117], [6, 13.94590197274761], [7, 8.05592841163311], [8, 10.396990034573927], [9, 5.693715680292861], [10, 5.42383567215782], [11, 5.627618466544641], [12, 5.402074435631483], [13, 5.236526337197478], [14, 5.1879194630872485], [15, 5.094976611755135], [16, 5.683343502135449], [17, 5.255643685173887], [18, 5.022167988610942], [19, 5.068944478340452]], "val_base/par2vid-r1": [[0, 0.3376042302216799], [1, 0.37970307097823874], [2, 0.404311572096807], [3, 0.5049827130364043], [4, 0.5053894651210088], [5, 0.5157616432784218], [6, 0.42953020134228187], [7, 0.5086434817978442], [8, 0.49094976611755137], [9, 0.594671547691682], [10, 0.6042302216798862], [11, 0.6017897091722595], [12, 0.606874110229815], [13, 0.6131787675411836], [14, 0.6152125279642058], [15, 0.6038234695952817], [16, 0.6044335977221883], [17, 0.6089078706528371], [18, 0.620093552979459], [19, 0.6235509456985967]], "val_ret/par2vid-r5": [[0, 0.6288387227984543], [1, 0.6764287166971731], [2, 0.7099857636770388], [3, 0.7970307097823877], [4, 0.801098230628432], [5, 0.8017083587553386], [6, 0.7480170835875534], [7, 0.8004881025015254], [8, 0.7872686597518812], [9, 0.8588570266422615], [10, 0.8615009151921904], [11, 0.8635346756152126], [12, 0.8665853162497458], [13, 0.8694325808419768], [14, 0.8730933496034167], [15, 0.864958307911328], [16, 0.864958307911328], [17, 0.8647549318690259], [18, 0.8735001016880212], [19, 0.8747203579418344]], "val_ret/par2vid-r10": [[0, 0.7417124262761846], [1, 0.7832011389058369], [2, 0.8084197681513118], [3, 0.878991254830181], [4, 0.8818385194224121], [5, 0.8850925360992475], [6, 0.8497051047386618], [7, 0.8840756558877364], [8, 0.8735001016880212], [9, 0.9231238560097621], [10, 0.9288183851942241], [11, 0.9290217612365264], [12, 0.9273947528981086], [13, 0.9300386414480374], [14, 0.9302420174903396], [15, 0.9290217612365264], [16, 0.9269880008135042], [17, 0.9269880008135042], [18, 0.9330892820825707], [19, 0.9336994102094773]],