{"train_base/epoch": [[0, 0], [1, 1], [2, 2], [3, 3], [4, 4], [5, 5], [6, 6], [7, 7], [8, 8], [9, 9], [10, 10], [11, 11], [12, 12], [13, 13], [14, 14], [15, 15], [16, 16], [17, 17], [18, 18], [19, 19], [20, 20], [21, 21], [22, 22], [23, 23], [24, 24], [25, 25], [26, 26], [27, 27], [28, 28], [29, 29], [30, 30], [31, 31], [32, 32], [33, 33], [34, 34], [35, 35], [36, 36], [37, 37], [38, 38], [39, 39], [40, 40], [41, 41], [42, 42], [43, 43]], "ztime/time_total": [[0, 119.28153439197922], [1, 239.36992719897535], [2, 358.54431714094244], [3, 478.0798766359221], [4, 597.5515485019423], [5, 717.1386155229411], [6, 837.0010224579601], [7, 956.957134772907], [8, 1076.2281007439015], [9, 1195.8417748478823], [10, 1315.7320368678775], [11, 1435.044495870883], [12, 1554.3391685548704], [13, 1673.8310082948883], [14, 1793.5486517638783], [15, 1913.145010115928], [16, 2032.2544443269144], [17, 2151.7004717619275], [18, 2271.094970813894], [19, 2390.8745377408923], [20, 2510.4832068748656], [21, 2629.674117959861], [22, 2749.309590293851], [23, 2868.9553928428795], [24, 2987.8798999208957], [25, 3106.820638573903], [26, 3226.0544133019284], [27, 3345.0328098208993], [28, 3463.8281718908693], [29, 3583.540394846874], [30, 3703.0856218828703], [31, 3822.7502805818804], [32, 3942.4205992149073], [33, 4061.9430843138834], [34, 4181.4358437558985], [35, 4301.10756274889], [36, 4420.982467646885], [37, 4540.58131765289], [38, 4659.939188680844], [39, 4779.629796342866], [40, 4899.324490587867], [41, 5018.840256864845], [42, 5138.61846534285], [43, 5258.2990522368345]], "ztime/time_val": [[0, 30.87759929994354], [1, 61.749790162954014], [2, 92.54537516395794], [3, 123.73793816793477], [4, 154.5341170099564], [5, 185.5353938799235], [6, 216.3528463219409], [7, 247.23329164792085], [8, 278.0532108799089], [9, 308.7738473659265], [10, 339.5567204459221], [11, 370.1996923899278], [12, 401.1284708828898], [13, 432.1558888318832], [14, 463.06439025787404], [15, 493.96272049687104], [16, 524.8148763969075], [17, 555.7184704238898], [18, 586.5079568408546], [19, 617.3174202598748], [20, 648.144218103902], [21, 678.9684945018962], [22, 709.7534500568872], [23, 740.6249393998878], [24, 771.4234061768511], [25, 802.2413097868557], [26, 832.9769658108708], [27, 863.7668257748592], [28, 894.5369926188723], [29, 925.329649891879], [30, 956.2464763388853], [31, 987.3702826398658], [32, 1018.3088050358347], [33, 1049.1446581858327], [34, 1079.9804965837975], [35, 1110.813418125792], [36, 1141.6622533198097], [37, 1172.6115689128055], [38, 1203.3997288838145], [39, 1234.2983705778024], [40, 1265.2217933788197], [41, 1296.0867595798336], [42, 1327.136776200845], [43, 1358.0754574418534]], "val_base/loss": [[0, 0.08701976388692856], [1, 0.07018568366765976], [2, 0.06465306133031845], [3, 0.060143668204545975], [4, 0.05746747925877571], [5, 0.0588502511382103], [6, 0.05835393816232681], [7, 0.058491166681051254], [8, 0.05408672243356705], [9, 0.05437486246228218], [10, 0.054559219628572464], [11, 0.05525839701294899], [12, 0.05580543354153633], [13, 0.056190770119428635], [14, 0.056423675268888474], [15, 0.05556224286556244], [16, 0.056570831686258316], [17, 0.05714245140552521], [18, 0.057748936116695404], [19, 0.05739381164312363], [20, 0.05745402351021767], [21, 0.057541847229003906], [22, 0.057696305215358734], [23, 0.05796710401773453], [24, 0.057228900492191315], [25, 0.057452283799648285], [26, 0.05780297517776489], [27, 0.057896167039871216], [28, 0.058204155415296555], [29, 0.058038320392370224], [30, 0.05837487056851387], [31, 0.057928964495658875], [32, 0.057425640523433685], [33, 0.05790713056921959], [34, 0.058207251131534576], [35, 0.05777902901172638], [36, 0.058301713317632675], [37, 0.057918399572372437], [38, 0.05751675367355347], [39, 0.05830533057451248], [40, 0.05749703571200371], [41, 0.0580110102891922], [42, 0.057948336005210876], [43, 0.05718472599983215]], "val_base/best_field": [[0, 0.29408175716900553], [1, 0.3451291437868619], [2, 0.386516168395363], [3, 0.4372584909497661], [4, 0.5043725849094977], [5, 0.4451901565995526], [6, 0.4675615212527964], [7, 0.4610534878991255], [8, 0.5833841773439089], [9, 0.5916209070571486], [10, 0.5961968680089486], [11, 0.5937563555013219], [12, 0.6026032133414684], [13, 0.6011795810453529], [14, 0.6061622940817573], [15, 0.6055521659548505], [16, 0.603213341468375], [17, 0.6078909904413261], [18, 0.6010778930242018], [19, 0.5932479153955663], [20, 0.606975798250966], [21, 0.6170429123449258], [22, 0.6161277201545658], [23, 0.6175513524506813], [24, 0.6158226560911124], [25, 0.6170429123449257], [26, 0.6166361602603214], [27, 0.6185682326621924], [28, 0.6174496644295302], [29, 0.6169412243237746], [30, 0.6168395363026236], [31, 0.6167378482814725], [32, 0.6170429123449258], [33, 0.6166361602603214], [34, 0.616331096196868], [35, 0.6164327842180191], [36, 0.6167378482814725], [37, 0.6160260321334147], [38, 0.6160260321334148], [39, 0.6159243441122635], [40, 0.6158226560911124], [41, 0.6160260321334147], [42, 0.6158226560911124], [43, 0.6158226560911124]], "val/loss_cc": [[0, 0.024318287149071693], [1, 0.02447279915213585], [2, 0.02418513223528862], [3, 0.02377992495894432], [4, 0.023903844878077507], [5, 0.023531461134552956], [6, 0.023794885724782944], [7, 0.023924358189105988], [8, 0.023921919986605644], [9, 0.0239060427993536], [10, 0.024070823565125465], [11, 0.024353621527552605], [12, 0.02450387552380562], [13, 0.024828942492604256], [14, 0.024683387950062752], [15, 0.023515691980719566], [16, 0.02404504455626011], [17, 0.024130413308739662], [18, 0.024309959262609482], [19, 0.023417023941874504], [20, 0.023950638249516487], [21, 0.024275068193674088], [22, 0.02436266653239727], [23, 0.024478094652295113], [24, 0.023512575775384903], [25, 0.023856040090322495], [26, 0.02388404868543148], [27, 0.024037586525082588], [28, 0.024377549067139626], [29, 0.024199608713388443], [30, 0.024504754692316055], [31, 0.024067530408501625], [32, 0.023524867370724678], [33, 0.024012399837374687], [34, 0.02430986799299717], [35, 0.023881707340478897], [36, 0.02440027892589569], [37, 0.02401893399655819], [38, 0.02361576445400715], [39, 0.024403732270002365], [40, 0.023595687001943588], [41, 0.02410939894616604], [42, 0.02404635027050972], [43, 0.023282816633582115]], "val/loss_contr": [[0, 0.06270148605108261], [1, 0.04571288451552391], [2, 0.040467940270900726], [3, 0.03636375442147255], [4, 0.03356363996863365], [5, 0.03531879559159279], [6, 0.03455903381109238], [7, 0.03456682711839676], [8, 0.030164796859025955], [9, 0.03046881966292858], [10, 0.0304883923381567], [11, 0.030904775485396385], [12, 0.03130156546831131], [13, 0.03136182948946953], [14, 0.03174028918147087], [15, 0.03204655274748802], [16, 0.03252580389380455], [17, 0.0330120325088501], [18, 0.03343898057937622], [19, 0.033976782113313675], [20, 0.03350338712334633], [21, 0.033266764134168625], [22, 0.03333364427089691], [23, 0.033489007502794266], [24, 0.03371632099151611], [25, 0.033596232533454895], [26, 0.03391893580555916], [27, 0.03385858237743378], [28, 0.03382659703493118], [29, 0.033838722854852676], [30, 0.033870115876197815], [31, 0.0338614247739315], [32, 0.033900778740644455], [33, 0.03389473259449005], [34, 0.03389737010002136], [35, 0.03389732912182808], [36, 0.03390144184231758], [37, 0.0338994599878788], [38, 0.03390097990632057], [39, 0.03390161693096161], [40, 0.033901359885931015], [41, 0.033901628106832504], [42, 0.03390197828412056], [43, 0.03390190377831459]],