{"time_total": 6458.7744080532575, "time_val": 1860.0993435787968, "start_epoch": 0, "current_epoch": 58, "epoch_step": 20, "total_step": 1239, "det_best_field_current": 0.05756013745704468, "det_best_field_best": 0.05827605956471936, "infos_val_epochs": [3, 4, 5, 6, 7, 8, 9, 10, 11, 12, 13, 14, 15, 16, 17, 18, 19, 20, 21, 22, 23, 24, 25, 26, 27, 28, 29, 30, 31, 32, 33, 34, 35, 36, 37, 38, 39, 40, 41, 42, 43, 44, 45, 46, 47, 48, 49, 50, 51, 52, 53, 54, 55, 56, 57, 58], "infos_val_steps": [84, 105, 126, 147, 168, 189, 210, 231, 252, 273, 294, 315, 336, 357, 378, 399, 420, 441, 462, 483, 504, 525, 546, 567, 588, 609, 630, 651, 672, 693, 714, 735, 756, 777, 798, 819, 840, 861, 882, 903, 924, 945, 966, 987, 1008, 1029, 1050, 1071, 1092, 1113, 1134, 1155, 1176, 1197, 1218, 1239], "infos_val_is_good": [true, true, true, true, true, true, true, true, false, true, true, true, false, true, true, false, true, false, false, false, false, false, false, true, true, false, true, false, false, false, false, false, false, false, false, false, false, false, false, true, false, false, false, false, false, false, false, false, false, false, false, false, false, false, false, false], "last_grad_norm": 0}